{
  "project_info": {
    "project_number": "254171332019",
    "project_id": "recepielib",
    "storage_bucket": "recepielib.appspot.com"
  },
  "client": [
    {
      "client_info": {
        "mobilesdk_app_id": "1:254171332019:android:b9c4c0756d84d785991fc6",
        "android_client_info": {
          "package_name": "com.hanson.android.recipe"
        }
      },
      "oauth_client": [
        {
          "client_id": "254171332019-ju8e4mcap6upepfql06gl0oq3gd6lht6.apps.googleusercontent.com",
          "client_type": 1,
          "android_info": {
            "package_name": "com.hanson.android.recipe",
            "certificate_hash": "85d9277f95fd6286b285ea7bde01749a805887fd"
          }
        },
        {
          "client_id": "254171332019-bts8onte7m1uatk8c77h85e66r9b3l3i.apps.googleusercontent.com",
          "client_type": 3
        }
      ],
      "api_key": [
        {
          "current_key": "AIzaSyCSpAOd_rk5WEfB5yhBnOWuwPZf0DmQojQ"
        }
      ],
      "services": {
        "appinvite_service": {
          "other_platform_oauth_client": [
            {
              "client_id": "254171332019-bts8onte7m1uatk8c77h85e66r9b3l3i.apps.googleusercontent.com",
              "client_type": 3
            }
          ]
        }
      }
    }
  ],
  "configuration_version": "1"
}